arial_black              ariblk.ttf
albr55w                  albr55w.ttf
albr85w                  albr85w.ttf
antquab                  antquab.ttf
antquabi                 antquabi.ttf
antquai                  antquai.ttf
ARBLI___                 ARBLI___.TTF
arial                    arial.ttf
arialbd                  arialbd.ttf
arialbi                  arialbi.ttf
ariali                   ariali.ttf
arialn                   arialn.ttf
arialnb                  arialnb.ttf
arialnbi                 arialnbi.ttf
arialni                  arialni.ttf
ariblk                   ariblk.ttf
avgr45w                  avgr45w.ttf
avgr46w                  avgr46w.ttf
avgr65w                  avgr65w.ttf
avgr66w                  avgr66w.ttf
BKANT                    BKANT.TTF
bokr35w                  bokr35w.ttf
bokr36w                  bokr36w.ttf
bokr75w                  bokr75w.ttf
bokr76w                  bokr76w.ttf
bookos                   bookos.ttf
bookosb                  bookosb.ttf
bookosbi                 bookosbi.ttf
bookosi                  bookosi.ttf
century                  century.ttf
cgor45w                  cgor45w.ttf
cgor46w                  cgor46w.ttf
cgor65w                  cgor65w.ttf
cgor66w                  cgor66w.ttf
cgtr45w                  cgtr45w.ttf
cgtr46w                  cgtr46w.ttf
cgtr65w                  cgtr65w.ttf
cgtr66w                  cgtr66w.ttf
Chanc___                 Chanc___.ttf
cia_itft                 cia_itft.ttf
clar67w                  clar67w.ttf
comic                    comic.ttf
comicbd                  comicbd.ttf
coronet                  coronet.ttf
cour                     cour.ttf
courbd                   courbd.ttf
courbi                   courbi.ttf
coure_F                  coure.fon
couri                    couri.ttf
cpsr45w                  cpsr45w.ttf
cpsr46w                  cpsr46w.ttf
cpsr65w                  cpsr65w.ttf
cpsr66w                  cpsr66w.ttf
DINGS___                 DINGS___.TTF
esri_1                   esri_1.ttf
esri_155                 esri_155.ttf
esri_2                   esri_2.ttf
esri_3                   esri_3.ttf
esri_4                   esri_4.ttf
esri_5                   esri_5.ttf
esri_6                   esri_6.ttf
esri_7                   esri_7.ttf
esri_8                   esri_8.ttf
esri_9                   esri_9.ttf
fritqat                  fritqat.ttf
fritqtb0                 fritqtb0.ttf
fritqtb2                 fritqtb2.ttf
fritqti0                 fritqti0.ttf
ftpgrk                   ftpgrk.ttf
ftpgrkb                  ftpgrkb.ttf
ftphbrw                  ftphbrw.ttf
ftphbrwb                 ftphbrwb.ttf
ftpmultb                 ftpmultb.ttf
ftpmulti                 ftpmulti.ttf
ftptech                  ftptech.ttf
ftptechb                 ftptechb.ttf
ftpturk                  ftpturk.ttf
ftpturkb                 ftpturkb.ttf
ftpwy                    ftpwy.ttf
ftpwyaub                 ftpwyaub.ttf
ftpwyaux                 ftpwyaux.ttf
ftpwyb                   ftpwyb.ttf
GARA                     GARA.TTF
GARABD                   GARABD.TTF
GARAIT                   GARAIT.TTF
garr45w                  garr45w.ttf
garr46w                  garr46w.ttf
garr65w                  garr65w.ttf
garr66w                  garr66w.ttf
georgia                  georgia.ttf
georgiab                 georgiab.ttf
georgiai                 georgiai.ttf
georgiaz                 georgiaz.ttf
gothic                   gothic.ttf
gothicb                  gothicb.ttf
gothicbi                 gothicbi.ttf
gothici                  gothici.ttf
HATTEN                   HATTEN.TTF
helr45w                  helr45w.ttf
helr46w                  helr46w.ttf
helr47w                  helr47w.ttf
helr48w                  helr48w.ttf
helr65w                  helr65w.ttf
helr66w                  helr66w.ttf
helr67w                  helr67w.ttf
helr68w                  helr68w.ttf
impact                   impact.ttf
l_10646                  l_10646.ttf
letr45w                  letr45w.ttf
letr46w                  letr46w.ttf
letr65w                  letr65w.ttf
LucidaSansRegular        LucidaSansRegular.ttf
lucon                    lucon.ttf
marigold                 marigold.ttf
marlett                  marlett.ttf
micross                  micross.ttf
modern_F                 modern.fon
MTCORSVA                 MTCORSVA.TTF
ncsr55w                  ncsr55w.ttf
ncsr56w                  ncsr56w.ttf
ncsr75w                  ncsr75w.ttf
ncsr76w                  ncsr76w.ttf
olvr55w                  olvr55w.ttf
olvr56w                  olvr56w.ttf
olvr75w                  olvr75w.ttf
opens___                 opens___.ttf
pala                     pala.ttf
palab                    palab.ttf
palabi                   palabi.ttf
palai                    palai.ttf
palr45w                  palr45w.ttf
palr46w                  palr46w.ttf
palr65w                  palr65w.ttf
palr66w                  palr66w.ttf
roman_F                  roman.fon
script_F                 script.fon
serife_F                 serife.fon
smalle_F                 smalle.fon
sserife_F                sserife.fon
symbol                   symbol.ttf
symbole_F                symbole.fon
SYMPS__                  SYMPS__.TTF
tahoma                   tahoma.ttf
tahomabd                 tahomabd.ttf
times                    times.ttf
timesbd                  timesbd.ttf
timesbi                  timesbi.ttf
timesi                   timesi.ttf
timr45w                  timr45w.ttf
timr46w                  timr46w.ttf
timr65w                  timr65w.ttf
timr66w                  timr66w.ttf
trebuc                   trebuc.ttf
trebucbd                 trebucbd.ttf
trebucbi                 trebucbi.ttf
trebucit                 trebucit.ttf
TSPECIAL                 TSPECIAL.TTF
TSPECIAL1                TSPECIAL1.TTF
unvr55w                  unvr55w.ttf
unvr56w                  unvr56w.ttf
unvr57w                  unvr57w.ttf
unvr58w                  unvr58w.ttf
unvr65w                  unvr65w.ttf
unvr66w                  unvr66w.ttf
unvr67w                  unvr67w.ttf
unvr68w                  unvr68w.ttf
Vera                     Vera.ttf
VeraBd                   VeraBd.ttf
VeraBI                   VeraBI.ttf
VeraIt                   VeraIt.ttf
VeraMoBd                 VeraMoBd.ttf
VeraMoBI                 VeraMoBI.ttf
VeraMoIt                 VeraMoIt.ttf
VeraMono                 VeraMono.ttf
VeraSe                   VeraSe.ttf
VeraSeBd                 VeraSeBd.ttf
verdana                  verdana.ttf
verdanab                 verdanab.ttf
verdanai                 verdanai.ttf
verdanaz                 verdanaz.ttf
webdings                 webdings.ttf
wingding                 wingding.ttf
wingdng2                 wingdng2.ttf
wingdng3                 wingdng3.ttf